Date,Comptes utilisateur actifs,Affichage
1 janv. 2019,4459,0
2 janv. 2019,2772,0
3 janv. 2019,2758,0
4 janv. 2019,2219,0
5 janv. 2019,2405,0
6 janv. 2019,2223,0
7 janv. 2019,2136,0
8 janv. 2019,2112,0
9 janv. 2019,2138,0
10 janv. 2019,2316,0
11 janv. 2019,2191,0
12 janv. 2019,4430,0
13 janv. 2019,3743,0
14 janv. 2019,2779,0
15 janv. 2019,2644,0
16 janv. 2019,2525,0
17 janv. 2019,2890,0
18 janv. 2019,2390,0
19 janv. 2019,3706,0
20 janv. 2019,3306,0
21 janv. 2019,2752,0
22 janv. 2019,2378,0
23 janv. 2019,2308,0
24 janv. 2019,2601,0
25 janv. 2019,2084,0
26 janv. 2019,3831,0
27 janv. 2019,2851,0
28 janv. 2019,2512,0
29 janv. 2019,2447,0
30 janv. 2019,3101,0
31 janv. 2019,2576,0
1 févr. 2019,1988,0
2 févr. 2019,3199,0
3 févr. 2019,2554,0
4 févr. 2019,2162,0
5 févr. 2019,2210,0
6 févr. 2019,2454,0
7 févr. 2019,2162,0
8 févr. 2019,1804,0
9 févr. 2019,2329,0
10 févr. 2019,2271,0
11 févr. 2019,2075,0
12 févr. 2019,2638,0
13 févr. 2019,2245,0
14 févr. 2019,2003,0
15 févr. 2019,1516,0
16 févr. 2019,1626,0
17 févr. 2019,1742,0
18 févr. 2019,1726,0
19 févr. 2019,1719,0
20 févr. 2019,1638,0
21 févr. 2019,1749,0
22 févr. 2019,1368,0
23 févr. 2019,2502,0
24 févr. 2019,1877,0
25 févr. 2019,1616,0
26 févr. 2019,1496,0
27 févr. 2019,1447,0
28 févr. 2019,1498,0
1 mars 2019,1000,0
2 mars 2019,1398,0
3 mars 2019,1163,0
4 mars 2019,1230,0
5 mars 2019,1289,0
6 mars 2019,1257,0
7 mars 2019,1302,0
8 mars 2019,862,0
9 mars 2019,1411,0
10 mars 2019,1352,0
11 mars 2019,1226,0
12 mars 2019,1192,0
13 mars 2019,1287,0
14 mars 2019,1229,0
15 mars 2019,835,0
16 mars 2019,1342,0
17 mars 2019,1301,0
18 mars 2019,1255,0
19 mars 2019,1219,0
20 mars 2019,1290,0
21 mars 2019,1223,0
22 mars 2019,890,0
23 mars 2019,1855,0
24 mars 2019,2326,0
25 mars 2019,1703,0
26 mars 2019,1567,0
27 mars 2019,1460,0
28 mars 2019,1415,0
29 mars 2019,1032,0
30 mars 2019,1532,0
31 mars 2019,1303,0
1 avr. 2019,1345,0
2 avr. 2019,1362,0
3 avr. 2019,1326,0
4 avr. 2019,1386,0
5 avr. 2019,1048,0
6 avr. 2019,1563,0
7 avr. 2019,1368,0
8 avr. 2019,1440,0
9 avr. 2019,1355,0
10 avr. 2019,1305,0
11 avr. 2019,1247,0
12 avr. 2019,922,0
13 avr. 2019,1263,0
14 avr. 2019,1322,0
15 avr. 2019,1284,0
16 avr. 2019,1219,0
17 avr. 2019,1235,0
18 avr. 2019,1370,0
19 avr. 2019,1041,0
20 avr. 2019,1239,0
21 avr. 2019,1238,0
22 avr. 2019,1102,0
23 avr. 2019,1165,0
24 avr. 2019,1207,0
25 avr. 2019,1257,0
26 avr. 2019,969,0
27 avr. 2019,1164,0
28 avr. 2019,1088,0
29 avr. 2019,1447,0
30 avr. 2019,1260,0
1 mai 2019,1045,0
2 mai 2019,1117,0
3 mai 2019,917,0
4 mai 2019,1385,0
5 mai 2019,1118,0
6 mai 2019,1246,0
7 mai 2019,1034,0
8 mai 2019,1051,0
9 mai 2019,1083,0
10 mai 2019,2244,0
11 mai 2019,6124,0
12 mai 2019,2795,0
13 mai 2019,1939,11
14 mai 2019,1763,112
15 mai 2019,1679,5852
16 mai 2019,1541,5267
17 mai 2019,2474,14904
18 mai 2019,4661,23866
19 mai 2019,2427,8966
20 mai 2019,1472,4574
21 mai 2019,1390,4223
22 mai 2019,1321,4066
23 mai 2019,1539,5037
24 mai 2019,1577,5585
25 mai 2019,4262,21451
26 mai 2019,1932,7236
27 mai 2019,1340,3874
28 mai 2019,1264,3964
29 mai 2019,1228,3726
30 mai 2019,1274,3592
31 mai 2019,1968,6509
1 juin 2019,6200,36616
2 juin 2019,3125,12167
3 juin 2019,2355,8894
4 juin 2019,1885,5789
5 juin 2019,2586,10396
6 juin 2019,2060,8147
7 juin 2019,1882,8584
8 juin 2019,2017,8591
9 juin 2019,1798,6880
10 juin 2019,1615,5317
11 juin 2019,1631,5415
12 juin 2019,1525,4808
13 juin 2019,1636,5863
14 juin 2019,5610,30430
15 juin 2019,3088,17402
16 juin 2019,2191,7159
17 juin 2019,1867,6143
18 juin 2019,1772,6304
19 juin 2019,1761,5697
20 juin 2019,1766,5736
21 juin 2019,1429,4674
22 juin 2019,2242,7370
23 juin 2019,1579,5262
24 juin 2019,1488,4786
25 juin 2019,1467,4601
26 juin 2019,1395,4387
27 juin 2019,1548,4902
28 juin 2019,1744,6017
29 juin 2019,1724,6154
30 juin 2019,1496,5313
1 juil. 2019,1474,4975
2 juil. 2019,1395,4248
3 juil. 2019,1625,5140
4 juil. 2019,1471,4580
5 juil. 2019,3084,11287
6 juil. 2019,4922,27525
7 juil. 2019,2301,9270
8 juil. 2019,1767,5603
9 juil. 2019,1806,5692
10 juil. 2019,1688,5133
11 juil. 2019,1566,4188
12 juil. 2019,4080,17461
13 juil. 2019,2530,11236
14 juil. 2019,1784,5190
15 juil. 2019,1433,3723
16 juil. 2019,1432,4354
17 juil. 2019,1517,4270
18 juil. 2019,1399,4047
19 juil. 2019,1121,2830
20 juil. 2019,1350,3818
21 juil. 2019,1241,3727
22 juil. 2019,1269,4037
23 juil. 2019,1296,4262
24 juil. 2019,1304,4129
25 juil. 2019,1221,4046
26 juil. 2019,2538,8660
27 juil. 2019,1548,5027
28 juil. 2019,1358,4771
29 juil. 2019,1274,3735
30 juil. 2019,1466,4540
31 juil. 2019,1212,3663
1 août 2019,1219,3759
2 août 2019,1024,3073
3 août 2019,1305,4170
4 août 2019,1179,3590
5 août 2019,1059,3211
6 août 2019,1049,2786
7 août 2019,1067,3068
8 août 2019,1076,3241
9 août 2019,915,2514
10 août 2019,1360,6096
11 août 2019,850,2354
12 août 2019,853,2239
13 août 2019,938,2560
14 août 2019,965,2428
15 août 2019,906,2361
16 août 2019,781,1996
17 août 2019,775,1967
18 août 2019,860,2131
19 août 2019,944,2596
20 août 2019,887,2621
21 août 2019,951,2815
22 août 2019,859,2396
23 août 2019,693,1524
24 août 2019,725,1751
25 août 2019,751,2066
26 août 2019,786,2082
27 août 2019,819,2273
28 août 2019,788,2248
29 août 2019,756,1755
30 août 2019,666,1597
31 août 2019,879,2457
1 sept. 2019,724,2170
2 sept. 2019,794,2210
3 sept. 2019,715,1744
4 sept. 2019,678,1853
5 sept. 2019,734,1929
6 sept. 2019,625,1551
7 sept. 2019,979,3454
8 sept. 2019,1087,4276
9 sept. 2019,1170,4180
10 sept. 2019,1256,4743
11 sept. 2019,1088,3510
12 sept. 2019,1006,3323
13 sept. 2019,806,2265
14 sept. 2019,1144,3989
15 sept. 2019,982,3040
16 sept. 2019,1152,4310
17 sept. 2019,1251,4170
18 sept. 2019,1197,4439
19 sept. 2019,1058,3308
20 sept. 2019,1623,6894
21 sept. 2019,2776,15681
22 sept. 2019,1989,9715
23 sept. 2019,1551,5611
24 sept. 2019,1812,7454
25 sept. 2019,1531,5692
26 sept. 2019,1326,4224
27 sept. 2019,1581,5689
28 sept. 2019,1422,5760
29 sept. 2019,1373,4481
30 sept. 2019,1379,4729
1 oct. 2019,3365,14339
2 oct. 2019,3443,15771
3 oct. 2019,3293,17249
4 oct. 2019,3640,19267
5 oct. 2019,3567,17673
6 oct. 2019,2802,11643
7 oct. 2019,3095,13270
8 oct. 2019,3147,12447
9 oct. 2019,2822,10876
10 oct. 2019,2566,9425
11 oct. 2019,3142,13114
12 oct. 2019,2932,11942
13 oct. 2019,2445,8760
14 oct. 2019,2498,8459
15 oct. 2019,2386,7808
16 oct. 2019,2381,8634
17 oct. 2019,9388,63806
18 oct. 2019,3941,19064
19 oct. 2019,3095,12540
20 oct. 2019,2576,8766
21 oct. 2019,2677,9768
22 oct. 2019,3734,12232
23 oct. 2019,3426,12963
24 oct. 2019,5913,26220
25 oct. 2019,3628,16011
26 oct. 2019,2942,12037
27 oct. 2019,2591,9181
28 oct. 2019,2596,8805
29 oct. 2019,2812,11402
30 oct. 2019,2479,7827
31 oct. 2019,3792,13698
1 nov. 2019,2920,10526
2 nov. 2019,2574,8574
3 nov. 2019,2241,6873
4 nov. 2019,2184,6908
5 nov. 2019,2208,6980
6 nov. 2019,1999,6042
7 nov. 2019,3674,11567
8 nov. 2019,2262,8034
9 nov. 2019,2600,9460
10 nov. 2019,2220,7766
11 nov. 2019,1951,5879
12 nov. 2019,2317,8068
13 nov. 2019,1991,6178
14 nov. 2019,2630,8373
15 nov. 2019,3399,14310
16 nov. 2019,3082,12896
17 nov. 2019,3404,14256
18 nov. 2019,2405,8119
19 nov. 2019,3080,10036
20 nov. 2019,2525,8351
21 nov. 2019,3074,9730
22 nov. 2019,3159,12020
23 nov. 2019,2575,9874
24 nov. 2019,2445,8466
25 nov. 2019,2416,8720
26 nov. 2019,2889,9598
27 nov. 2019,2623,8720
28 nov. 2019,3255,11329
29 nov. 2019,2687,10895
30 nov. 2019,2964,12958
1 déc. 2019,2591,9835
2 déc. 2019,2855,10006
3 déc. 2019,3485,12368
4 déc. 2019,2818,10060
5 déc. 2019,4257,15633
6 déc. 2019,3921,15435
7 déc. 2019,3938,18894
8 déc. 2019,3148,12422
9 déc. 2019,2918,10318
10 déc. 2019,3023,9868
11 déc. 2019,2653,8869
12 déc. 2019,2734,8641
13 déc. 2019,2801,9661
14 déc. 2019,3275,13421
15 déc. 2019,2609,8464
16 déc. 2019,2616,9608
17 déc. 2019,2784,9471
18 déc. 2019,2432,7714
19 déc. 2019,3216,10805
20 déc. 2019,2937,9250
21 déc. 2019,2969,9524
22 déc. 2019,2490,7218
23 déc. 2019,2209,6535
24 déc. 2019,2122,6906
25 déc. 2019,1887,5317
26 déc. 2019,2513,7598
27 déc. 2019,2377,7744
28 déc. 2019,2172,7240
29 déc. 2019,1948,5985
30 déc. 2019,1940,5943
31 déc. 2019,2057,6715
1 janv. 2020,1776,4995
2 janv. 2020,1804,5444
3 janv. 2020,1644,4873
4 janv. 2020,1678,5358
5 janv. 2020,1794,5052
6 janv. 2020,1892,5836
7 janv. 2020,2306,7350
8 janv. 2020,1977,6222
9 janv. 2020,4861,20612
10 janv. 2020,2667,10621
11 janv. 2020,2137,7344
12 janv. 2020,1728,5436
13 janv. 2020,1946,5614
14 janv. 2020,2189,6973
15 janv. 2020,1968,6452
16 janv. 2020,3135,9593
17 janv. 2020,2203,7809
18 janv. 2020,1954,6103
19 janv. 2020,1852,5632
20 janv. 2020,1848,5543
21 janv. 2020,2379,7938
22 janv. 2020,2022,6306
23 janv. 2020,3806,13714
24 janv. 2020,2930,10381
25 janv. 2020,2430,8698
26 janv. 2020,2090,6534
27 janv. 2020,2009,6373
28 janv. 2020,2484,9700
29 janv. 2020,1918,5588
30 janv. 2020,2932,9530
31 janv. 2020,2031,6660
1 févr. 2020,2163,6726
2 févr. 2020,1767,5032
3 févr. 2020,1893,5273
4 févr. 2020,1929,5458
5 févr. 2020,1758,4920
6 févr. 2020,2822,7775
7 févr. 2020,2026,6712
8 févr. 2020,2162,7245
9 févr. 2020,1667,4787
10 févr. 2020,1722,5132
11 févr. 2020,1938,5369
12 févr. 2020,1772,4843
13 févr. 2020,2525,7179
14 févr. 2020,1848,5780
15 févr. 2020,2138,6952
16 févr. 2020,1775,6030
17 févr. 2020,1816,7146
18 févr. 2020,1913,5392
19 févr. 2020,1667,4164
20 févr. 2020,1724,5050
21 févr. 2020,1796,5728
22 févr. 2020,1644,5180
23 févr. 2020,1559,4073
24 févr. 2020,1534,3912
25 févr. 2020,1692,5084
26 févr. 2020,1556,4109
27 févr. 2020,1989,7143
28 févr. 2020,2505,13663
29 févr. 2020,2595,14621
1 mars 2020,2853,13016
2 mars 2020,2581,11573
3 mars 2020,2647,11805
4 mars 2020,2465,9952
5 mars 2020,2589,10011
6 mars 2020,2475,10548
7 mars 2020,2354,9564
8 mars 2020,2281,8871
9 mars 2020,2321,8757
10 mars 2020,2293,8811
11 mars 2020,2134,8354
12 mars 2020,2164,7382
13 mars 2020,2011,7913
14 mars 2020,2008,7501
15 mars 2020,2049,7205
16 mars 2020,2082,7203
17 mars 2020,2179,9509
18 mars 2020,2093,8623
19 mars 2020,2166,9027
20 mars 2020,1971,8394
21 mars 2020,2017,7951
22 mars 2020,2007,7109
23 mars 2020,2103,7424
24 mars 2020,1998,7124
25 mars 2020,1975,7343
26 mars 2020,1913,6604
27 mars 2020,1749,5935
28 mars 2020,1753,6192
29 mars 2020,1682,5469
30 mars 2020,1604,5536
31 mars 2020,1623,4942
1 avr. 2020,1606,5460
2 avr. 2020,1633,5856
3 avr. 2020,1511,5187
4 avr. 2020,1477,5033
5 avr. 2020,1827,7800
6 avr. 2020,1691,5314
7 avr. 2020,1493,4666
8 avr. 2020,1579,4939
9 avr. 2020,1626,5376
10 avr. 2020,1345,4256
11 avr. 2020,1412,4615
12 avr. 2020,1457,4746
13 avr. 2020,1348,4208
14 avr. 2020,1377,4388
15 avr. 2020,1508,5427
16 avr. 2020,1678,6229
17 avr. 2020,2000,12387
18 avr. 2020,1498,5997
19 avr. 2020,1437,5162
20 avr. 2020,1443,5405
21 avr. 2020,1398,4523
22 avr. 2020,1380,4867
23 avr. 2020,1256,3943
24 avr. 2020,1472,4728
25 avr. 2020,1256,4093
26 avr. 2020,1301,3745
27 avr. 2020,1299,3810
28 avr. 2020,1301,4035
29 avr. 2020,1265,3825
30 avr. 2020,1275,4167
1 mai 2020,1114,3356
2 mai 2020,1117,3719
3 mai 2020,1146,3304
4 mai 2020,1220,3790
5 mai 2020,1260,3822
6 mai 2020,1201,3901
7 mai 2020,1274,4030
8 mai 2020,1136,3472
9 mai 2020,1075,3203
10 mai 2020,1169,3488
11 mai 2020,1212,3763
12 mai 2020,1233,4249
13 mai 2020,1161,3541
14 mai 2020,1530,5417
15 mai 2020,1159,3468
16 mai 2020,1020,3325
17 mai 2020,1197,3615
18 mai 2020,1133,3444
19 mai 2020,1145,3678
20 mai 2020,1171,3693
21 mai 2020,1134,3462
22 mai 2020,1007,2797
23 mai 2020,984,2814
24 mai 2020,1016,3160
25 mai 2020,1093,3284
26 mai 2020,1143,3537
27 mai 2020,1081,3598
28 mai 2020,1115,3296
29 mai 2020,1057,3310
30 mai 2020,1070,3353
31 mai 2020,1089,3355
1 juin 2020,1122,3477
2 juin 2020,1178,3739
3 juin 2020,1139,3759
4 juin 2020,1244,3865
5 juin 2020,1162,3680
6 juin 2020,1113,3613
7 juin 2020,1109,3425
8 juin 2020,1157,3261
9 juin 2020,1219,3644
10 juin 2020,1177,3763
11 juin 2020,1202,3600
12 juin 2020,1157,3825
13 juin 2020,1148,3318
14 juin 2020,1116,3340
15 juin 2020,1228,3677
16 juin 2020,1243,3605
17 juin 2020,1222,3318
18 juin 2020,1171,3638
19 juin 2020,1135,3360
20 juin 2020,1088,3274
21 juin 2020,1213,3539
22 juin 2020,1192,3494
23 juin 2020,1286,3709
24 juin 2020,1257,3676
25 juin 2020,1267,3666
26 juin 2020,1142,3628
27 juin 2020,1083,3310
28 juin 2020,1149,3127
29 juin 2020,1153,3279
30 juin 2020,1295,3571
1 juil. 2020,1280,3680
2 juil. 2020,1316,3990
3 juil. 2020,1260,3784
4 juil. 2020,1144,3434
5 juil. 2020,1237,3914
6 juil. 2020,1535,4783
7 juil. 2020,1780,6673
8 juil. 2020,1782,6137
9 juil. 2020,1782,6137
10 juil. 2020,1421,4598
11 juil. 2020,1317,4123
12 juil. 2020,1428,4019
13 juil. 2020,1410,4027
14 juil. 2020,1410,4059
15 juil. 2020,1389,4016
16 juil. 2020,1387,3916
17 juil. 2020,1249,3779
18 juil. 2020,1278,3744
19 juil. 2020,1795,5983
20 juil. 2020,1916,5847
21 juil. 2020,2000,6040
22 juil. 2020,1770,4346
23 juil. 2020,1676,4411
24 juil. 2020,1404,3705
25 juil. 2020,1311,3378
26 juil. 2020,1734,4685
27 juil. 2020,1650,4227
28 juil. 2020,1790,4701
29 juil. 2020,1590,3817
30 juil. 2020,1407,3635
31 juil. 2020,1092,2502
1 août 2020,1226,3141
2 août 2020,1440,3790
3 août 2020,1559,3934
4 août 2020,1551,3836
5 août 2020,1405,3741
6 août 2020,1400,4025
7 août 2020,1255,3600
8 août 2020,1268,3573
9 août 2020,1499,4486
10 août 2020,1549,4527
11 août 2020,1653,4649
12 août 2020,1571,4646
13 août 2020,1517,4275
14 août 2020,1263,3850
15 août 2020,1209,3511
16 août 2020,1475,4035
17 août 2020,1422,3910
18 août 2020,1606,4197
19 août 2020,1668,5279
20 août 2020,1416,4460
21 août 2020,1297,4094
22 août 2020,1226,3588
23 août 2020,1307,3740
24 août 2020,1393,4092
25 août 2020,1562,4390
26 août 2020,1465,4228
27 août 2020,1472,4450
28 août 2020,1232,3600
29 août 2020,1187,3336
30 août 2020,1391,3434
31 août 2020,1365,3462
1 sept. 2020,1482,4416
2 sept. 2020,1435,3872
3 sept. 2020,1469,4453
4 sept. 2020,1297,4527
5 sept. 2020,1333,4361
6 sept. 2020,1591,5268
7 sept. 2020,1681,5711
8 sept. 2020,1803,5793
9 sept. 2020,1641,4733
10 sept. 2020,1551,4631
11 sept. 2020,1229,3285
12 sept. 2020,1251,3558
13 sept. 2020,1711,4980
14 sept. 2020,1620,4455
15 sept. 2020,1573,4265
16 sept. 2020,1495,3661
17 sept. 2020,1611,4089
18 sept. 2020,1157,3271
19 sept. 2020,1222,3462
20 sept. 2020,1601,4655
21 sept. 2020,1576,4453
22 sept. 2020,3812,20977
23 sept. 2020,3132,15268
24 sept. 2020,2581,9363
25 sept. 2020,1929,7212
26 sept. 2020,1954,6863
27 sept. 2020,2245,7347
28 sept. 2020,2185,7051
29 sept. 2020,5525,30660
30 sept. 2020,2848,10440
1 oct. 2020,2367,7430
2 oct. 2020,1817,5709
3 oct. 2020,1827,5311
4 oct. 2020,1971,5659
5 oct. 2020,2133,6139
6 oct. 2020,4033,16090
7 oct. 2020,2517,8696
8 oct. 2020,2299,6736
9 oct. 2020,1646,5297
10 oct. 2020,1775,5780
11 oct. 2020,2076,5894
12 oct. 2020,2191,6573
13 oct. 2020,3824,13469
14 oct. 2020,2359,7677
15 oct. 2020,2247,6714
16 oct. 2020,1669,5481
17 oct. 2020,1607,4452
18 oct. 2020,1921,5431
19 oct. 2020,1852,5352
20 oct. 2020,3375,11289
21 oct. 2020,2181,6466
22 oct. 2020,2169,6540